symbol,price,pe,peg,mcap,mcap_raw,dividend_yield,div_raw,hi52,lo52,dist_from_high,beta,fundamental_score,fetch_time,error
RELIANCE,1388.9,19.2,0.82,18.8T,18795250843648,40.00%,40.0,1611.8,1290.0,-13.8,0.22,80,2026-04-29 01:11,
SUNPHARMA,1747.3,30.9,1.04,4.2T,4192358105088,95.00%,95.0,1851.2,1548.0,-5.6,0.11,55,2026-04-29 01:11,
VEDL,739.3,9.4,,2.9T,2886819905536,458.00%,458.0,795.0,398.6,-7.0,0.74,70,2026-04-29 01:11,
HDFCBANK,782.55,12.4,0.89,12.0T,12047392702464,165.00%,165.0,1020.5,726.6,-23.3,0.49,85,2026-04-29 01:11,
ETERNAL,253.07,57.0,,2.3T,2326698393600,N/A,0,368.4,212.6,-31.3,0.25,20,2026-04-29 01:11,
ICICIBANK,1292.0,14.3,0.53,9.3T,9257347973120,84.00%,84.0,1500.0,1187.6,-13.9,0.29,95,2026-04-29 01:11,
BHARTIARTL,1843.8,27.8,,11.2T,11231455870976,88.00%,88.0,2174.5,1746.9,-15.2,0.02,43,2026-04-29 01:11,
ONGC,301.3,7.2,,3.8T,3790437875712,647.00%,647.0,302.4,228.4,-0.4,0.19,75,2026-04-29 01:11,
INFY,1152.1,14.1,2.12,4.7T,4662132473856,410.00%,409.99999999999994,1728.0,1149.8,-33.3,0.2,60,2026-04-29 01:11,
AXISBANK,1289.0,10.1,,4.0T,4006941556736,8.00%,8.0,1418.3,1042.5,-9.1,0.43,70,2026-04-29 01:11,
COALINDIA,467.0,8.2,0.87,2.9T,2877994303488,486.00%,486.00000000000006,476.0,368.6,-1.9,-0.04,95,2026-04-29 01:11,
SBIN,1091.3,11.9,0.53,10.1T,10073373933568,143.00%,143.0,1234.7,755.5,-11.6,0.46,95,2026-04-29 01:11,
TCS,2444.7,14.8,2.65,8.8T,8845138067456,257.00%,257.0,3630.5,2346.2,-32.7,0.27,60,2026-04-29 01:11,
MARUTI,12892.0,19.9,,4.1T,4053277868032,102.00%,102.0,17370.0,11741.0,-25.8,0.27,50,2026-04-29 01:11,
ADANIENT,2412.4,54.3,,3.1T,3140205150208,5.00%,5.0,2695.0,1753.0,-10.5,0.54,45,2026-04-29 01:11,
ADANIPOWER,223.35,32.7,,4.3T,4307236683776,N/A,0,224.7,101.0,-0.6,0.15,35,2026-04-29 01:11,
HINDALCO,1074.3,12.2,,2.4T,2402299412480,47.00%,47.0,1079.7,603.8,-0.5,0.8,75,2026-04-29 01:11,
M&M,3088.1,21.6,1.26,3.7T,3708074065920,82.00%,82.0,3839.9,2887.0,-19.6,0.4,58,2026-04-29 01:11,
HCLTECH,1196.0,14.9,2.39,3.2T,3235960324096,782.00%,782.0,1780.1,1192.3,-32.8,0.17,60,2026-04-29 01:11,
TATASTEEL,215.05,12.4,,2.7T,2682071023616,169.00%,169.0,218.2,138.0,-1.5,0.85,75,2026-04-29 01:11,
TATAPOWER,461.8,28.5,,1.5T,1475607789568,50.00%,50.0,464.9,342.5,-0.7,0.27,53,2026-04-29 01:11,
VBL,518.55,42.8,,1.8T,1753785040896,39.00%,39.0,543.7,381.0,-4.6,-0.01,50,2026-04-29 01:11,
LT,4037.7,26.1,1.06,5.6T,5554389909504,84.00%,84.0,4440.0,3284.1,-9.1,0.42,58,2026-04-29 01:11,
BAJFINANCE,923.65,22.9,,5.7T,5741727973376,48.00%,48.0,1102.5,787.9,-16.2,0.31,48,2026-04-29 01:12,
SHRIRAMFIN,953.25,13.7,,2.2T,2242698280960,142.00%,142.0,1108.0,566.5,-14.0,0.65,70,2026-04-29 01:12,
UNIONBANK,170.48,6.6,,1.3T,1301377056768,270.00%,270.0,205.5,114.5,-17.0,1.08,65,2026-04-29 01:12,
ULTRACEMCO,11817.0,27.0,1.22,3.5T,3476202455040,65.00%,65.0,13110.0,10325.0,-9.9,0.48,58,2026-04-29 01:12,
NESTLEIND,1440.0,60.8,,2.8T,2776772640768,85.00%,85.0,1445.1,1084.7,-0.4,0.32,50,2026-04-29 01:12,
INDIGO,4442.4,24.0,,1.7T,1717640626176,24.00%,24.0,6232.5,3895.2,-28.7,0.61,43,2026-04-29 01:12,
JIOFIN,250.81,57.1,,1.7T,1656133910528,20.00%,20.0,338.6,223.3,-25.9,0.62,35,2026-04-29 01:12,
ADANIGREEN,1249.95,40.5,,2.1T,2058887757824,N/A,0,1259.2,765.0,-0.7,0.8,35,2026-04-29 01:12,
PFC,481.4,8.2,,1.6T,1588668923904,307.00%,307.0,486.5,329.9,-1.0,0.63,75,2026-04-29 01:12,
KOTAKBANK,377.95,17.9,0.94,3.8T,3759266594816,13.00%,13.0,453.2,345.5,-16.6,0.27,75,2026-04-29 01:12,
WIPRO,201.58,14.0,1.39,2.1T,2112363560960,829.00%,828.9999999999999,273.1,186.5,-26.2,0.38,65,2026-04-29 01:12,
BEL,435.75,44.3,,3.2T,3185236246528,100.00%,100.0,473.4,304.8,-8.0,0.31,45,2026-04-29 01:12,
BPCL,307.75,7.3,0.28,1.3T,1335175151616,640.00%,640.0,391.6,266.6,-21.4,1.03,90,2026-04-29 01:12,
ADANIENSOL,1435.45,43.9,,1.7T,1724381134848,N/A,0,1463.7,744.9,-1.9,0.6,35,2026-04-29 01:12,
GRASIM,2783.0,24.7,,1.9T,1887354880000,36.00%,36.0,2979.0,2502.5,-6.6,0.24,53,2026-04-29 01:12,
HINDZINC,616.1,14.1,,2.6T,2603218894848,334.00%,334.0,733.0,398.0,-15.9,0.6,65,2026-04-29 01:12,
RECLTD,375.8,5.6,,9.9B,989565550592,614.00%,614.0,441.3,304.1,-14.8,0.33,65,2026-04-29 01:12,
ADANIPORTS,1637.6,23.9,,3.8T,3772963356672,43.00%,43.0,1649.9,1202.5,-0.7,0.33,58,2026-04-29 01:12,
EICHERMOT,7071.5,30.7,,1.9T,1939812909056,98.00%,98.0,8230.0,5219.5,-14.1,0.27,45,2026-04-29 01:12,
ITC,304.45,18.2,1.78,3.8T,3814596804608,472.00%,472.0,444.2,287.0,-31.5,-0.12,50,2026-04-29 01:12,
TRENT,4253.9,57.0,,1.5T,1512208072704,12.00%,12.0,6261.0,3275.5,-32.1,0.21,35,2026-04-29 01:12,
HINDUNILVR,2289.5,46.6,3.69,5.4T,5379389390848,185.00%,185.0,2750.0,2022.5,-16.7,0.36,40,2026-04-29 01:12,
BANKBARODA,267.83,6.9,,1.4T,1385045950464,305.00%,305.0,325.5,212.6,-17.7,0.47,65,2026-04-29 01:12,
HDFCLIFE,590.15,47.8,,1.3T,1273118720000,35.00%,35.0,820.8,555.1,-28.1,0.58,35,2026-04-29 01:12,
LODHA,882.9,18.7,,8.8B,881942200320,48.00%,48.0,1531.0,650.8,-42.3,0.38,45,2026-04-29 01:12,
NTPC,406.85,15.1,,3.9T,3945088942080,277.00%,277.0,414.4,315.6,-1.8,0.3,65,2026-04-29 01:12,
DRREDDY,1354.6,24.7,3.85,1.1T,1127832879104,60.00%,60.0,1379.7,1129.4,-1.8,0.3,58,2026-04-29 01:12,
CANBK,137.1,6.5,,1.2T,1243586363392,285.00%,285.0,162.9,91.0,-15.8,0.56,65,2026-04-29 01:12,
HDFCAMC,2760.2,31.5,,1.2T,1182658199552,163.00%,163.0,2967.2,2087.5,-7.0,0.47,45,2026-04-29 01:12,
POWERGRID,319.0,17.2,,3.0T,2966892576768,382.00%,382.0,324.9,250.0,-1.8,0.22,65,2026-04-29 01:12,
TECHM,1408.1,16.5,1.86,1.2T,1247671877632,365.00%,365.0,1854.0,1304.1,-24.1,0.14,55,2026-04-29 01:12,
HYUNDAI,1825.2,23.3,,1.5T,1483050057728,114.00%,113.99999999999999,2890.0,1658.0,-36.8,,43,2026-04-29 01:12,
TITAN,4417.0,62.6,,3.9T,3918078935040,25.00%,25.0,4554.0,3245.5,-3.0,0.23,50,2026-04-29 01:12,
APOLLOHOSP,7753.0,46.5,,1.1T,1114762379264,26.00%,26.0,8099.5,6677.5,-4.3,0.18,50,2026-04-29 01:12,
SBILIFE,1808.3,51.9,,1.8T,1813891514368,15.00%,15.0,2132.0,1693.1,-15.2,0.41,40,2026-04-29 01:12,
MAZDOCK,2683.3,36.2,,1.1T,1082389561344,72.00%,72.0,3775.0,2057.4,-28.9,0.49,35,2026-04-29 01:12,
TMPV,350.8,9.3,0.27,1.3T,1291798315008,169.00%,169.0,419.0,294.3,-16.3,0.73,90,2026-04-29 01:12,
BAJAJFINSV,1779.0,21.9,,2.8T,2841947668480,6.00%,6.0,2195.0,1597.0,-19.0,0.37,48,2026-04-29 01:12,
TMCV,418.3,21.8,,1.5T,1540319215616,N/A,0,509.0,306.3,-17.8,,33,2026-04-29 01:12,
BAJAJ-AUTO,9495.5,23.9,1.31,2.7T,2651585773568,217.00%,217.0,10187.0,7612.0,-6.8,0.69,58,2026-04-29 01:12,
JSWSTEEL,1281.6,21.2,,3.1T,3127915577344,22.00%,22.0,1306.8,935.0,-1.9,0.65,58,2026-04-29 01:12,
HAL,4341.4,29.7,,2.9T,2903419650048,116.00%,115.99999999999999,5165.0,3479.1,-15.9,0.41,43,2026-04-29 01:12,
PNB,111.39,7.0,,1.3T,1280198836224,255.00%,254.99999999999997,135.2,89.5,-17.6,0.61,65,2026-04-29 01:12,
ABB,7288.0,69.6,,1.5T,1544388214784,53.00%,53.0,7822.5,4637.5,-6.8,0.46,45,2026-04-29 01:12,
DMART,4544.4,77.2,,3.0T,2963510657024,N/A,0,4949.5,3529.0,-8.2,0.17,30,2026-04-29 01:12,
CIPLA,1306.5,23.7,,1.1T,1055368019968,99.00%,99.0,1673.0,1165.7,-21.9,0.06,48,2026-04-29 01:12,
MOTHERSON,125.22,25.0,,1.3T,1318720765952,46.00%,46.0,136.2,87.1,-8.0,0.98,48,2026-04-29 01:12,
ENRIN,3233.7,60.7,,1.2T,1151586926592,13.00%,13.0,3625.0,2115.0,-10.8,,45,2026-04-29 01:12,
TATACONSUM,1147.7,56.3,0.55,1.1T,1135877160960,71.00%,71.0,1220.9,1007.2,-6.0,0.36,70,2026-04-29 01:12,
CUMMINSIND,5258.0,52.9,,1.5T,1457517625344,102.00%,102.0,5308.7,2706.0,-1.0,0.45,50,2026-04-29 01:12,
DIVISLAB,6432.5,55.0,,1.7T,1707626594304,46.00%,46.0,7071.5,5636.5,-9.0,0.19,45,2026-04-29 01:12,
IOC,145.39,10.5,,2.1T,2053086904320,684.00%,684.0,189.0,130.2,-23.1,0.94,65,2026-04-29 01:12,
CGPOWER,831.2,82.0,,1.3T,1309171908608,16.00%,16.0,846.9,525.5,-1.9,0.27,50,2026-04-29 01:12,
SOLARINDS,15304.0,65.2,,1.4T,1384859828224,7.00%,7.000000000000001,17820.0,11646.0,-14.1,-0.06,45,2026-04-29 01:12,
TVSMOTOR,3495.9,37.9,,1.7T,1661343367168,34.00%,34.0,3970.0,2640.0,-11.9,0.09,45,2026-04-29 01:12,
CHOLAFIN,1536.4,19.8,,1.3T,1309511254016,13.00%,13.0,1831.5,1299.4,-16.1,0.54,55,2026-04-29 01:12,
IRFC,105.14,15.2,,1.4T,1374022664192,275.00%,275.0,148.9,87.0,-29.4,0.31,50,2026-04-29 01:12,
BRITANNIA,5662.0,47.4,,1.4T,1363796295680,131.00%,131.0,6336.0,5276.5,-10.6,0.56,45,2026-04-29 01:12,
ZYDUSLIFE,911.3,21.8,,9.2B,916981022720,117.00%,117.0,1059.0,835.5,-14.0,0.39,48,2026-04-29 01:12,
ASIANPAINT,2462.6,49.0,,2.4T,2360757452800,101.00%,101.0,2985.7,2115.0,-17.5,0.2,40,2026-04-29 01:12,
TORNTPHARM,4182.9,64.6,,1.4T,1415683375104,83.00%,83.0,4482.9,3101.6,-6.7,0.19,45,2026-04-29 01:12,
DLF,587.9,28.1,0.14,1.5T,1455235792896,101.00%,101.0,886.8,489.4,-33.7,0.22,63,2026-04-29 01:12,
INDHOTEL,652.45,40.7,,9.3B,928718323712,35.00%,35.0,821.6,565.0,-20.6,-0.24,35,2026-04-29 01:12,
MUTHOOTFIN,3496.0,12.1,,1.4T,1403533787136,86.00%,86.0,4149.5,2027.0,-15.7,0.54,65,2026-04-29 01:12,
LTM,4380.6,18.8,,1.3T,1298678022144,154.00%,154.0,5195.0,4000.0,-15.7,0.25,55,2026-04-29 01:12,
JINDALSTEL,1265.5,18.3,,1.3T,1287631273984,16.00%,16.0,1306.2,833.6,-3.1,0.68,65,2026-04-29 01:12,
MAXHEALTH,1004.75,48.0,,9.8B,977815207936,15.00%,15.0,1314.3,903.0,-23.6,0.15,35,2026-04-29 01:12,
SIEMENS,3827.3,57.8,,1.4T,1362980110336,39.00%,39.0,3901.0,2788.3,-1.9,0.44,50,2026-04-29 01:12,
GAIL,165.68,10.3,,1.1T,1089359118336,754.00%,754.0,202.8,134.4,-18.3,0.51,65,2026-04-29 01:12,
GODREJCP,1092.0,44.0,1.5,1.1T,1117383163904,184.00%,184.0,1309.0,967.0,-16.6,0.35,40,2026-04-29 01:12,
AMBUJACEM,458.8,29.6,5.15,1.1T,1140034109440,43.00%,43.0,625.0,394.0,-26.6,0.05,38,2026-04-29 01:12,
BOSCHLTD,37320.0,42.3,,1.1T,1100702679040,138.00%,138.0,41945.0,28395.0,-11.0,0.54,45,2026-04-29 01:12,
UNITDSPR,1374.4,48.5,,10.0B,999740276736,86.00%,86.0,1645.0,1210.8,-16.4,0.22,35,2026-04-29 01:12,
SHREECEM,24890.0,40.2,0.67,9.0B,898049835008,64.00%,64.0,32490.0,22550.0,-23.4,,60,2026-04-29 01:12,
BAJAJHLDNG,10246.5,,,1.1T,1140368998400,126.00%,126.0,14763.0,8588.0,-30.6,0.01,35,2026-04-29 01:12,
TATACAP,325.8,15.6,,1.4T,1373798400000,N/A,0,367.3,300.1,-11.3,,45,2026-04-29 01:12,
PIDILITIND,1392.6,53.4,,1.4T,1417353887744,71.00%,71.0,1575.0,1259.0,-11.6,0.35,45,2026-04-29 01:12,
